{"model":{"models":[{"model":"modelengine:mf_ember_claw/right_leg3","tints":[{"index":0,"default":16777215,"type":"minecraft:custom_model_data"}],"type":"minecraft:model"},{"model":"modelengine:mf_ember_claw/right_leg3/1","tints":[{"index":0,"default":16777215,"type":"minecraft:custom_model_data"}],"type":"minecraft:model"},{"model":"modelengine:mf_ember_claw/right_leg3/2","tints":[{"index":0,"default":16777215,"type":"minecraft:custom_model_data"}],"type":"minecraft:model"}],"type":"minecraft:composite"}}