{"providers":[{"type":"space","advances":{"󎀁":-1}},{"type":"bitmap","file":"betterhud:image_bars_armor_bar.png","ascent":-8409182,"height":12,"chars":["󎀂"]},{"type":"bitmap","file":"betterhud:image_image_bars_armor_left_25_1.png","ascent":-8409183,"height":10,"chars":["󎀃"]},{"type":"bitmap","file":"betterhud:image_image_bars_armor_left_25_2.png","ascent":-8409183,"height":10,"chars":["󎀄"]},{"type":"bitmap","file":"betterhud:image_image_bars_armor_left_25_3.png","ascent":-8409183,"height":10,"chars":["󎀅"]},{"type":"bitmap","file":"betterhud:image_image_bars_armor_left_25_4.png","ascent":-8409183,"height":10,"chars":["󎀆"]},{"type":"bitmap","file":"betterhud:image_image_bars_armor_left_25_5.png","ascent":-8409183,"height":10,"chars":["󎀇"]},{"type":"bitmap","file":"betterhud:image_image_bars_armor_left_25_6.png","ascent":-8409183,"height":10,"chars":["󎀈"]},{"type":"bitmap","file":"betterhud:image_image_bars_armor_left_25_7.png","ascent":-8409183,"height":10,"chars":["󎀉"]},{"type":"bitmap","file":"betterhud:image_image_bars_armor_left_25_8.png","ascent":-8409183,"height":10,"chars":["󎀊"]},{"type":"bitmap","file":"betterhud:image_image_bars_armor_left_25_9.png","ascent":-8409183,"height":10,"chars":["󎀋"]},{"type":"bitmap","file":"betterhud:image_image_bars_armor_left_25_10.png","ascent":-8409183,"height":10,"chars":["󎀌"]},{"type":"bitmap","file":"betterhud:image_image_bars_armor_left_25_11.png","ascent":-8409183,"height":10,"chars":["󎀍"]},{"type":"bitmap","file":"betterhud:image_image_bars_armor_left_25_12.png","ascent":-8409183,"height":10,"chars":["󎀎"]},{"type":"bitmap","file":"betterhud:image_image_bars_armor_left_25_13.png","ascent":-8409183,"height":10,"chars":["󎀏"]},{"type":"bitmap","file":"betterhud:image_image_bars_armor_left_25_14.png","ascent":-8409183,"height":10,"chars":["󎀐"]},{"type":"bitmap","file":"betterhud:image_image_bars_armor_left_25_15.png","ascent":-8409183,"height":10,"chars":["󎀑"]},{"type":"bitmap","file":"betterhud:image_image_bars_armor_left_25_16.png","ascent":-8409183,"height":10,"chars":["󎀒"]},{"type":"bitmap","file":"betterhud:image_image_bars_armor_left_25_17.png","ascent":-8409183,"height":10,"chars":["󎀓"]},{"type":"bitmap","file":"betterhud:image_image_bars_armor_left_25_18.png","ascent":-8409183,"height":10,"chars":["󎀔"]},{"type":"bitmap","file":"betterhud:image_image_bars_armor_left_25_19.png","ascent":-8409183,"height":10,"chars":["󎀕"]},{"type":"bitmap","file":"betterhud:image_image_bars_armor_left_25_20.png","ascent":-8409183,"height":10,"chars":["󎀖"]},{"type":"bitmap","file":"betterhud:image_image_bars_armor_left_25_21.png","ascent":-8409183,"height":10,"chars":["󎀗"]},{"type":"bitmap","file":"betterhud:image_image_bars_armor_left_25_22.png","ascent":-8409183,"height":10,"chars":["󎀘"]},{"type":"bitmap","file":"betterhud:image_image_bars_armor_left_25_23.png","ascent":-8409183,"height":10,"chars":["󎀙"]},{"type":"bitmap","file":"betterhud:image_image_bars_armor_left_25_24.png","ascent":-8409183,"height":10,"chars":["󎀚"]},{"type":"bitmap","file":"betterhud:image_image_bars_armor_left_25_25.png","ascent":-8409183,"height":10,"chars":["󎀛"]},{"type":"bitmap","file":"betterhud:image_effects_shine_armor.png","ascent":-8409182,"height":12,"chars":["󎀜"]}]}